LOCATION,INDICATOR,SUBJECT,MEASURE,FREQUENCY,TIME,Value
DEU,CPI,TOT,AGRWTH,M,1999-03,0.2386635
DEU,CPI,TOT,AGRWTH,M,1999-04,0.5959476
DEU,CPI,TOT,AGRWTH,M,1999-05,0.4761905
DEU,CPI,TOT,AGRWTH,M,1999-06,0.4756243
DEU,CPI,TOT,AGRWTH,M,1999-07,0.5924171
DEU,CPI,TOT,AGRWTH,M,1999-08,0.7125891
DEU,CPI,TOT,AGRWTH,M,1999-09,0.7142857
DEU,CPI,TOT,AGRWTH,M,1999-10,0.7151371
DEU,CPI,TOT,AGRWTH,M,1999-11,0.9535161
DEU,CPI,TOT,AGRWTH,M,1999-12,1.190476
DEU,CPI,TOT,AGRWTH,M,2000-01,1.549464
DEU,CPI,TOT,AGRWTH,M,2000-02,1.547619
DEU,CPI,TOT,AGRWTH,M,2000-03,1.547619
DEU,CPI,TOT,AGRWTH,M,2000-04,1.066351
DEU,CPI,TOT,AGRWTH,M,2000-05,0.9478673
DEU,CPI,TOT,AGRWTH,M,2000-06,1.301775
DEU,CPI,TOT,AGRWTH,M,2000-07,1.295642
DEU,CPI,TOT,AGRWTH,M,2000-08,1.179245
DEU,CPI,TOT,AGRWTH,M,2000-09,1.654846
DEU,CPI,TOT,AGRWTH,M,2000-10,1.656805
DEU,CPI,TOT,AGRWTH,M,2000-11,1.534829
DEU,CPI,TOT,AGRWTH,M,2000-12,2
DEU,CPI,TOT,AGRWTH,M,2001-01,1.408451
DEU,CPI,TOT,AGRWTH,M,2001-02,1.875733
DEU,CPI,TOT,AGRWTH,M,2001-03,1.875733
DEU,CPI,TOT,AGRWTH,M,2001-04,2.344666
DEU,CPI,TOT,AGRWTH,M,2001-05,2.816901
DEU,CPI,TOT,AGRWTH,M,2001-06,2.453271
DEU,CPI,TOT,AGRWTH,M,2001-07,2.093023
DEU,CPI,TOT,AGRWTH,M,2001-08,2.097902
DEU,CPI,TOT,AGRWTH,M,2001-09,1.860465
DEU,CPI,TOT,AGRWTH,M,2001-10,1.862631
DEU,CPI,TOT,AGRWTH,M,2001-11,1.511628
DEU,CPI,TOT,AGRWTH,M,2001-12,1.614763
DEU,CPI,TOT,AGRWTH,M,2002-01,2.083333
DEU,CPI,TOT,AGRWTH,M,2002-02,1.841197
DEU,CPI,TOT,AGRWTH,M,2002-03,2.071346
DEU,CPI,TOT,AGRWTH,M,2002-04,1.489118
DEU,CPI,TOT,AGRWTH,M,2002-05,1.255708
DEU,CPI,TOT,AGRWTH,M,2002-06,1.140251
DEU,CPI,TOT,AGRWTH,M,2002-07,1.138952
DEU,CPI,TOT,AGRWTH,M,2002-08,1.255708
DEU,CPI,TOT,AGRWTH,M,2002-09,1.255708
DEU,CPI,TOT,AGRWTH,M,2002-10,1.257143
DEU,CPI,TOT,AGRWTH,M,2002-11,1.145475
DEU,CPI,TOT,AGRWTH,M,2002-12,1.135074
DEU,CPI,TOT,AGRWTH,M,2003-01,1.020408
DEU,CPI,TOT,AGRWTH,M,2003-02,1.242938
DEU,CPI,TOT,AGRWTH,M,2003-03,1.127396
DEU,CPI,TOT,AGRWTH,M,2003-04,0.9029346
DEU,CPI,TOT,AGRWTH,M,2003-05,0.5636979
DEU,CPI,TOT,AGRWTH,M,2003-06,0.9019166
DEU,CPI,TOT,AGRWTH,M,2003-07,1.013514
DEU,CPI,TOT,AGRWTH,M,2003-08,1.127396
DEU,CPI,TOT,AGRWTH,M,2003-09,1.014656
DEU,CPI,TOT,AGRWTH,M,2003-10,1.128668
DEU,CPI,TOT,AGRWTH,M,2003-11,1.245753
DEU,CPI,TOT,AGRWTH,M,2003-12,1.122334
DEU,CPI,TOT,AGRWTH,M,2004-01,1.122334
DEU,CPI,TOT,AGRWTH,M,2004-02,0.78125
DEU,CPI,TOT,AGRWTH,M,2004-03,1.003345
DEU,CPI,TOT,AGRWTH,M,2004-04,1.677852
DEU,CPI,TOT,AGRWTH,M,2004-05,2.130045
DEU,CPI,TOT,AGRWTH,M,2004-06,1.787709
DEU,CPI,TOT,AGRWTH,M,2004-07,1.783723
DEU,CPI,TOT,AGRWTH,M,2004-08,1.895206
DEU,CPI,TOT,AGRWTH,M,2004-09,1.785714
DEU,CPI,TOT,AGRWTH,M,2004-10,1.897321
DEU,CPI,TOT,AGRWTH,M,2004-11,1.901566
DEU,CPI,TOT,AGRWTH,M,2004-12,2.219756
DEU,CPI,TOT,AGRWTH,M,2005-01,1.442841
DEU,CPI,TOT,AGRWTH,M,2005-02,1.66113
DEU,CPI,TOT,AGRWTH,M,2005-03,1.766004
DEU,CPI,TOT,AGRWTH,M,2005-04,1.210121
DEU,CPI,TOT,AGRWTH,M,2005-05,1.207464
DEU,CPI,TOT,AGRWTH,M,2005-06,1.317234
DEU,CPI,TOT,AGRWTH,M,2005-07,1.533406
DEU,CPI,TOT,AGRWTH,M,2005-08,1.531729
DEU,CPI,TOT,AGRWTH,M,2005-09,1.864035
DEU,CPI,TOT,AGRWTH,M,2005-10,1.861993
DEU,CPI,TOT,AGRWTH,M,2005-11,1.756312
DEU,CPI,TOT,AGRWTH,M,2005-12,1.411509
DEU,CPI,TOT,AGRWTH,M,2006-01,1.859956
DEU,CPI,TOT,AGRWTH,M,2006-02,1.851852
DEU,CPI,TOT,AGRWTH,M,2006-03,1.409978
DEU,CPI,TOT,AGRWTH,M,2006-04,1.956522
DEU,CPI,TOT,AGRWTH,M,2006-05,1.735358
DEU,CPI,TOT,AGRWTH,M,2006-06,1.84182
DEU,CPI,TOT,AGRWTH,M,2006-07,1.833873
DEU,CPI,TOT,AGRWTH,M,2006-08,1.508621
DEU,CPI,TOT,AGRWTH,M,2006-09,1.076426
DEU,CPI,TOT,AGRWTH,M,2006-10,1.075269
DEU,CPI,TOT,AGRWTH,M,2006-11,1.402373
DEU,CPI,TOT,AGRWTH,M,2006-12,1.391863
DEU,CPI,TOT,AGRWTH,M,2007-01,1.718582
DEU,CPI,TOT,AGRWTH,M,2007-02,1.71123
DEU,CPI,TOT,AGRWTH,M,2007-03,1.925134
DEU,CPI,TOT,AGRWTH,M,2007-04,2.132196
DEU,CPI,TOT,AGRWTH,M,2007-05,2.132196
DEU,CPI,TOT,AGRWTH,M,2007-06,1.914894
DEU,CPI,TOT,AGRWTH,M,2007-07,2.012712
DEU,CPI,TOT,AGRWTH,M,2007-08,2.123142
DEU,CPI,TOT,AGRWTH,M,2007-09,2.662407
DEU,CPI,TOT,AGRWTH,M,2007-10,2.765957
DEU,CPI,TOT,AGRWTH,M,2007-11,3.297872
DEU,CPI,TOT,AGRWTH,M,2007-12,3.167899
DEU,CPI,TOT,AGRWTH,M,2008-01,2.851109
DEU,CPI,TOT,AGRWTH,M,2008-02,2.839117
DEU,CPI,TOT,AGRWTH,M,2008-03,3.147954
DEU,CPI,TOT,AGRWTH,M,2008-04,2.400835
DEU,CPI,TOT,AGRWTH,M,2008-05,3.02714
DEU,CPI,TOT,AGRWTH,M,2008-06,3.235908
DEU,CPI,TOT,AGRWTH,M,2008-07,3.322949
DEU,CPI,TOT,AGRWTH,M,2008-08,3.118503
DEU,CPI,TOT,AGRWTH,M,2008-09,2.80083
DEU,CPI,TOT,AGRWTH,M,2008-10,2.380952
DEU,CPI,TOT,AGRWTH,M,2008-11,1.338826
DEU,CPI,TOT,AGRWTH,M,2008-12,1.125896
DEU,CPI,TOT,AGRWTH,M,2009-01,0.9240246
DEU,CPI,TOT,AGRWTH,M,2009-02,1.124744
DEU,CPI,TOT,AGRWTH,M,2009-03,0.4069176
DEU,CPI,TOT,AGRWTH,M,2009-04,0.7135576
DEU,CPI,TOT,AGRWTH,M,2009-05,0
DEU,CPI,TOT,AGRWTH,M,2009-06,0.1011122
DEU,CPI,TOT,AGRWTH,M,2009-07,-0.5025126
DEU,CPI,TOT,AGRWTH,M,2009-08,0
DEU,CPI,TOT,AGRWTH,M,2009-09,-0.2018164
DEU,CPI,TOT,AGRWTH,M,2009-10,0
DEU,CPI,TOT,AGRWTH,M,2009-11,0.4065041
DEU,CPI,TOT,AGRWTH,M,2009-12,0.8097166
DEU,CPI,TOT,AGRWTH,M,2010-01,0.7121058
DEU,CPI,TOT,AGRWTH,M,2010-02,0.5055612
DEU,CPI,TOT,AGRWTH,M,2010-03,1.215806
DEU,CPI,TOT,AGRWTH,M,2010-04,1.214575
DEU,CPI,TOT,AGRWTH,M,2010-05,1.215806
DEU,CPI,TOT,AGRWTH,M,2010-06,0.9090909
DEU,CPI,TOT,AGRWTH,M,2010-07,1.111111
DEU,CPI,TOT,AGRWTH,M,2010-08,1.008065
DEU,CPI,TOT,AGRWTH,M,2010-09,1.213347
DEU,CPI,TOT,AGRWTH,M,2010-10,1.314459
DEU,CPI,TOT,AGRWTH,M,2010-11,1.518219
DEU,CPI,TOT,AGRWTH,M,2010-12,1.305221
DEU,CPI,TOT,AGRWTH,M,2011-01,1.717172
DEU,CPI,TOT,AGRWTH,M,2011-02,1.911469
DEU,CPI,TOT,AGRWTH,M,2011-03,2.002002
DEU,CPI,TOT,AGRWTH,M,2011-04,1.9
DEU,CPI,TOT,AGRWTH,M,2011-05,2.002002
DEU,CPI,TOT,AGRWTH,M,2011-06,2.102102
DEU,CPI,TOT,AGRWTH,M,2011-07,2.097902
DEU,CPI,TOT,AGRWTH,M,2011-08,2.095808
DEU,CPI,TOT,AGRWTH,M,2011-09,2.397602
DEU,CPI,TOT,AGRWTH,M,2011-10,2.295409
DEU,CPI,TOT,AGRWTH,M,2011-11,2.392822
DEU,CPI,TOT,AGRWTH,M,2011-12,1.982161
DEU,CPI,TOT,AGRWTH,M,2012-01,2.085402
DEU,CPI,TOT,AGRWTH,M,2012-02,2.171767
DEU,CPI,TOT,AGRWTH,M,2012-03,2.158979
DEU,CPI,TOT,AGRWTH,M,2012-04,1.962709
DEU,CPI,TOT,AGRWTH,M,2012-05,1.962709
DEU,CPI,TOT,AGRWTH,M,2012-06,1.666667
DEU,CPI,TOT,AGRWTH,M,2012-07,1.8591
DEU,CPI,TOT,AGRWTH,M,2012-08,2.150538
DEU,CPI,TOT,AGRWTH,M,2012-09,2.04878
DEU,CPI,TOT,AGRWTH,M,2012-10,2.04878
DEU,CPI,TOT,AGRWTH,M,2012-11,1.94742
DEU,CPI,TOT,AGRWTH,M,2012-12,2.040816
DEU,CPI,TOT,AGRWTH,M,2013-01,1.653697
DEU,CPI,TOT,AGRWTH,M,2013-02,1.545894
DEU,CPI,TOT,AGRWTH,M,2013-03,1.440922
DEU,CPI,TOT,AGRWTH,M,2013-04,1.154957
DEU,CPI,TOT,AGRWTH,M,2013-05,1.539942
DEU,CPI,TOT,AGRWTH,M,2013-06,1.832208
DEU,CPI,TOT,AGRWTH,M,2013-07,1.92123
DEU,CPI,TOT,AGRWTH,M,2013-08,1.531101
DEU,CPI,TOT,AGRWTH,M,2013-09,1.434034
DEU,CPI,TOT,AGRWTH,M,2013-10,1.24283
DEU,CPI,TOT,AGRWTH,M,2013-11,1.337154
DEU,CPI,TOT,AGRWTH,M,2013-12,1.428571
DEU,CPI,TOT,AGRWTH,M,2014-01,1.339713
DEU,CPI,TOT,AGRWTH,M,2014-02,1.236917
DEU,CPI,TOT,AGRWTH,M,2014-03,1.041667
DEU,CPI,TOT,AGRWTH,M,2014-04,1.332065
DEU,CPI,TOT,AGRWTH,M,2014-05,0.8530806
DEU,CPI,TOT,AGRWTH,M,2014-06,1.041667
DEU,CPI,TOT,AGRWTH,M,2014-07,0.8482563
DEU,CPI,TOT,AGRWTH,M,2014-08,0.8482563
DEU,CPI,TOT,AGRWTH,M,2014-09,0.8482563
DEU,CPI,TOT,AGRWTH,M,2014-10,0.7554296
DEU,CPI,TOT,AGRWTH,M,2014-11,0.5655043
DEU,CPI,TOT,AGRWTH,M,2014-12,0.1877934
DEU,CPI,TOT,AGRWTH,M,2015-01,-0.2832861
DEU,CPI,TOT,AGRWTH,M,2015-02,-0.04656311
DEU,CPI,TOT,AGRWTH,M,2015-03,0.1747867
DEU,CPI,TOT,AGRWTH,M,2015-04,0.8662329
DEU,CPI,TOT,AGRWTH,M,2015-05,1.162551
DEU,CPI,TOT,AGRWTH,M,2015-06,0.8781202
DEU,CPI,TOT,AGRWTH,M,2015-07,0.7956734
DEU,CPI,TOT,AGRWTH,M,2015-08,0.7956734
DEU,CPI,TOT,AGRWTH,M,2015-09,0.5952844
DEU,CPI,TOT,AGRWTH,M,2015-10,0.8781202
DEU,CPI,TOT,AGRWTH,M,2015-11,0.1747867
DEU,CPI,TOT,AGRWTH,M,2015-12,0.1747867
DEU,CPI,TOT,AGRWTH,M,2016-01,0.5076142
DEU,CPI,TOT,AGRWTH,M,2016-02,0.1008065
DEU,CPI,TOT,AGRWTH,M,2016-03,0.3009027
DEU,CPI,TOT,AGRWTH,M,2016-04,-0.0998004
DEU,CPI,TOT,AGRWTH,M,2016-05,0.1992032
DEU,CPI,TOT,AGRWTH,M,2016-06,0.2988048
DEU,CPI,TOT,AGRWTH,M,2016-07,0.4970179
DEU,CPI,TOT,AGRWTH,M,2016-08,0.3976143
DEU,CPI,TOT,AGRWTH,M,2016-09,0.5976096
DEU,CPI,TOT,AGRWTH,M,2016-10,0.7968128
DEU,CPI,TOT,AGRWTH,M,2016-11,0.8024072
DEU,CPI,TOT,AGRWTH,M,2016-12,1.504514
DEU,CPI,TOT,AGRWTH,M,2017-01,1.616162
DEU,CPI,TOT,AGRWTH,M,2017-02,1.913394
DEU,CPI,TOT,AGRWTH,M,2017-03,1.4
DEU,CPI,TOT,AGRWTH,M,2017-04,1.698302
DEU,CPI,TOT,AGRWTH,M,2017-05,1.192843
DEU,CPI,TOT,AGRWTH,M,2017-06,1.390268
DEU,CPI,TOT,AGRWTH,M,2017-07,1.384768
DEU,CPI,TOT,AGRWTH,M,2017-08,1.584158
DEU,CPI,TOT,AGRWTH,M,2017-09,1.683168
DEU,CPI,TOT,AGRWTH,M,2017-10,1.284585
DEU,CPI,TOT,AGRWTH,M,2017-11,1.59204
DEU,CPI,TOT,AGRWTH,M,2017-12,1.383399
DEU,CPI,TOT,AGRWTH,M,2018-01,1.39165
DEU,CPI,TOT,AGRWTH,M,2018-02,1.086957
DEU,CPI,TOT,AGRWTH,M,2018-03,1.47929
DEU,CPI,TOT,AGRWTH,M,2018-04,1.277014
DEU,CPI,TOT,AGRWTH,M,2018-05,2.062868
DEU,CPI,TOT,AGRWTH,M,2018-06,1.860921
DEU,CPI,TOT,AGRWTH,M,2018-07,1.853659
DEU,CPI,TOT,AGRWTH,M,2018-08,1.851852
DEU,CPI,TOT,AGRWTH,M,2018-09,1.94742
DEU,CPI,TOT,AGRWTH,M,2018-10,2.341463
DEU,CPI,TOT,AGRWTH,M,2018-11,2.056807
DEU,CPI,TOT,AGRWTH,M,2018-12,1.559454
DEU,CPI,TOT,AGRWTH,M,2019-01,1.372549
DEU,CPI,TOT,AGRWTH,M,2019-02,1.466276
DEU,CPI,TOT,AGRWTH,M,2019-03,1.263363
DEU,CPI,TOT,AGRWTH,M,2019-04,2.036857
DEU,CPI,TOT,AGRWTH,M,2019-05,1.443696
DEU,CPI,TOT,AGRWTH,M,2019-06,1.634615
DEU,CPI,TOT,AGRWTH,M,2019-07,1.724138
DEU,CPI,TOT,AGRWTH,M,2019-08,1.435407
DEU,CPI,TOT,AGRWTH,M,2019-09,1.241643
DEU,CPI,TOT,AGRWTH,M,2019-10,1.143947
DEU,CPI,TOT,AGRWTH,M,2019-11,1.055662
DEU,CPI,TOT,AGRWTH,M,2019-12,1.535509
DEU,CPI,TOT,AGRWTH,M,2020-01,1.740812
DEU,CPI,TOT,AGRWTH,M,2020-02,1.734104
DEU,CPI,TOT,AGRWTH,M,2020-03,1.4
CHE,CPI,TOT,AGRWTH,M,1999-03,0.467066
CHE,CPI,TOT,AGRWTH,M,1999-04,0.5937113
CHE,CPI,TOT,AGRWTH,M,1999-05,0.5757557
CHE,CPI,TOT,AGRWTH,M,1999-06,0.5740913
CHE,CPI,TOT,AGRWTH,M,1999-07,0.7350152
CHE,CPI,TOT,AGRWTH,M,1999-08,0.9458914
CHE,CPI,TOT,AGRWTH,M,1999-09,1.217444
CHE,CPI,TOT,AGRWTH,M,1999-10,1.236512
CHE,CPI,TOT,AGRWTH,M,1999-11,1.304355
CHE,CPI,TOT,AGRWTH,M,1999-12,1.668104
CHE,CPI,TOT,AGRWTH,M,2000-01,1.585378
CHE,CPI,TOT,AGRWTH,M,2000-02,1.623736
CHE,CPI,TOT,AGRWTH,M,2000-03,1.482962
CHE,CPI,TOT,AGRWTH,M,2000-04,1.402418
CHE,CPI,TOT,AGRWTH,M,2000-05,1.580496
CHE,CPI,TOT,AGRWTH,M,2000-06,1.839098
CHE,CPI,TOT,AGRWTH,M,2000-07,1.888741
CHE,CPI,TOT,AGRWTH,M,2000-08,1.124735
CHE,CPI,TOT,AGRWTH,M,2000-09,1.439921
CHE,CPI,TOT,AGRWTH,M,2000-10,1.332339
CHE,CPI,TOT,AGRWTH,M,2000-11,1.912458
CHE,CPI,TOT,AGRWTH,M,2000-12,1.4934
CHE,CPI,TOT,AGRWTH,M,2001-01,1.295461
CHE,CPI,TOT,AGRWTH,M,2001-02,0.779637
CHE,CPI,TOT,AGRWTH,M,2001-03,0.9757597
CHE,CPI,TOT,AGRWTH,M,2001-04,1.166648
CHE,CPI,TOT,AGRWTH,M,2001-05,1.76577
CHE,CPI,TOT,AGRWTH,M,2001-06,1.580429
CHE,CPI,TOT,AGRWTH,M,2001-07,1.351633
CHE,CPI,TOT,AGRWTH,M,2001-08,1.050885
CHE,CPI,TOT,AGRWTH,M,2001-09,0.6749848
CHE,CPI,TOT,AGRWTH,M,2001-10,0.6302018
CHE,CPI,TOT,AGRWTH,M,2001-11,0.2869489
CHE,CPI,TOT,AGRWTH,M,2001-12,0.3251991
CHE,CPI,TOT,AGRWTH,M,2002-01,0.5214534
CHE,CPI,TOT,AGRWTH,M,2002-02,0.6544999
CHE,CPI,TOT,AGRWTH,M,2002-03,0.5094852
CHE,CPI,TOT,AGRWTH,M,2002-04,1.097221
CHE,CPI,TOT,AGRWTH,M,2002-05,0.6480272
CHE,CPI,TOT,AGRWTH,M,2002-06,0.3258601
CHE,CPI,TOT,AGRWTH,M,2002-07,-0.05166746
CHE,CPI,TOT,AGRWTH,M,2002-08,0.4725541
CHE,CPI,TOT,AGRWTH,M,2002-09,0.4968977
CHE,CPI,TOT,AGRWTH,M,2002-10,1.23712
CHE,CPI,TOT,AGRWTH,M,2002-11,0.9155459
CHE,CPI,TOT,AGRWTH,M,2002-12,0.8908195
CHE,CPI,TOT,AGRWTH,M,2003-01,0.8467
CHE,CPI,TOT,AGRWTH,M,2003-02,0.9491754
CHE,CPI,TOT,AGRWTH,M,2003-03,1.339085
CHE,CPI,TOT,AGRWTH,M,2003-04,0.671791
CHE,CPI,TOT,AGRWTH,M,2003-05,0.4140629
CHE,CPI,TOT,AGRWTH,M,2003-06,0.5481158
CHE,CPI,TOT,AGRWTH,M,2003-07,0.2705293
CHE,CPI,TOT,AGRWTH,M,2003-08,0.5372521
CHE,CPI,TOT,AGRWTH,M,2003-09,0.530364
CHE,CPI,TOT,AGRWTH,M,2003-10,0.4537735
CHE,CPI,TOT,AGRWTH,M,2003-11,0.5126108
CHE,CPI,TOT,AGRWTH,M,2003-12,0.5938203
CHE,CPI,TOT,AGRWTH,M,2004-01,0.172403
CHE,CPI,TOT,AGRWTH,M,2004-02,0.09064917
CHE,CPI,TOT,AGRWTH,M,2004-03,-0.09703136
CHE,CPI,TOT,AGRWTH,M,2004-04,0.5459229
CHE,CPI,TOT,AGRWTH,M,2004-05,0.9399631
CHE,CPI,TOT,AGRWTH,M,2004-06,1.11204
CHE,CPI,TOT,AGRWTH,M,2004-07,0.8624169
CHE,CPI,TOT,AGRWTH,M,2004-08,1.001052
CHE,CPI,TOT,AGRWTH,M,2004-09,0.8608367
CHE,CPI,TOT,AGRWTH,M,2004-10,1.292668
CHE,CPI,TOT,AGRWTH,M,2004-11,1.517432
CHE,CPI,TOT,AGRWTH,M,2004-12,1.33171
CHE,CPI,TOT,AGRWTH,M,2005-01,1.204848
CHE,CPI,TOT,AGRWTH,M,2005-02,1.410244
CHE,CPI,TOT,AGRWTH,M,2005-03,1.441198
CHE,CPI,TOT,AGRWTH,M,2005-04,1.415957
CHE,CPI,TOT,AGRWTH,M,2005-05,1.08177
CHE,CPI,TOT,AGRWTH,M,2005-06,0.6808151
CHE,CPI,TOT,AGRWTH,M,2005-07,1.189098
CHE,CPI,TOT,AGRWTH,M,2005-08,0.9607608
CHE,CPI,TOT,AGRWTH,M,2005-09,1.396591
CHE,CPI,TOT,AGRWTH,M,2005-10,1.33317
CHE,CPI,TOT,AGRWTH,M,2005-11,0.9515855
CHE,CPI,TOT,AGRWTH,M,2005-12,1.006393
CHE,CPI,TOT,AGRWTH,M,2006-01,1.29081
CHE,CPI,TOT,AGRWTH,M,2006-02,1.383652
CHE,CPI,TOT,AGRWTH,M,2006-03,1.028831
CHE,CPI,TOT,AGRWTH,M,2006-04,1.059177
CHE,CPI,TOT,AGRWTH,M,2006-05,1.361888
CHE,CPI,TOT,AGRWTH,M,2006-06,1.562134
CHE,CPI,TOT,AGRWTH,M,2006-07,1.424719
CHE,CPI,TOT,AGRWTH,M,2006-08,1.452136
CHE,CPI,TOT,AGRWTH,M,2006-09,0.793958
CHE,CPI,TOT,AGRWTH,M,2006-10,0.2587231
CHE,CPI,TOT,AGRWTH,M,2006-11,0.4976379
CHE,CPI,TOT,AGRWTH,M,2006-12,0.6210557
CHE,CPI,TOT,AGRWTH,M,2007-01,0.1021764
CHE,CPI,TOT,AGRWTH,M,2007-02,-0.01144142
CHE,CPI,TOT,AGRWTH,M,2007-03,0.1727158
CHE,CPI,TOT,AGRWTH,M,2007-04,0.4539854
CHE,CPI,TOT,AGRWTH,M,2007-05,0.4879854
CHE,CPI,TOT,AGRWTH,M,2007-06,0.6308945
CHE,CPI,TOT,AGRWTH,M,2007-07,0.7202842
CHE,CPI,TOT,AGRWTH,M,2007-08,0.4357687
CHE,CPI,TOT,AGRWTH,M,2007-09,0.7470757
CHE,CPI,TOT,AGRWTH,M,2007-10,1.26429
CHE,CPI,TOT,AGRWTH,M,2007-11,1.770191
CHE,CPI,TOT,AGRWTH,M,2007-12,2.004008
CHE,CPI,TOT,AGRWTH,M,2008-01,2.426292
CHE,CPI,TOT,AGRWTH,M,2008-02,2.364594
CHE,CPI,TOT,AGRWTH,M,2008-03,2.630892
CHE,CPI,TOT,AGRWTH,M,2008-04,2.283981
CHE,CPI,TOT,AGRWTH,M,2008-05,2.8555
CHE,CPI,TOT,AGRWTH,M,2008-06,2.911658
CHE,CPI,TOT,AGRWTH,M,2008-07,3.074772
CHE,CPI,TOT,AGRWTH,M,2008-08,2.921472
CHE,CPI,TOT,AGRWTH,M,2008-09,2.927221
CHE,CPI,TOT,AGRWTH,M,2008-10,2.598069
CHE,CPI,TOT,AGRWTH,M,2008-11,1.452157
CHE,CPI,TOT,AGRWTH,M,2008-12,0.7010068
CHE,CPI,TOT,AGRWTH,M,2009-01,0.13908
CHE,CPI,TOT,AGRWTH,M,2009-02,0.2375163
CHE,CPI,TOT,AGRWTH,M,2009-03,-0.4241361
CHE,CPI,TOT,AGRWTH,M,2009-04,-0.3337536
CHE,CPI,TOT,AGRWTH,M,2009-05,-0.961154
CHE,CPI,TOT,AGRWTH,M,2009-06,-0.9510052
CHE,CPI,TOT,AGRWTH,M,2009-07,-1.177709
CHE,CPI,TOT,AGRWTH,M,2009-08,-0.8100511
CHE,CPI,TOT,AGRWTH,M,2009-09,-0.9224877
CHE,CPI,TOT,AGRWTH,M,2009-10,-0.8336549
CHE,CPI,TOT,AGRWTH,M,2009-11,0.02391149
CHE,CPI,TOT,AGRWTH,M,2009-12,0.2826881
CHE,CPI,TOT,AGRWTH,M,2010-01,1.023746
CHE,CPI,TOT,AGRWTH,M,2010-02,0.9327145
CHE,CPI,TOT,AGRWTH,M,2010-03,1.39971
CHE,CPI,TOT,AGRWTH,M,2010-04,1.372658
CHE,CPI,TOT,AGRWTH,M,2010-05,1.106686
CHE,CPI,TOT,AGRWTH,M,2010-06,0.4863281
CHE,CPI,TOT,AGRWTH,M,2010-07,0.4184842
CHE,CPI,TOT,AGRWTH,M,2010-08,0.2935003
CHE,CPI,TOT,AGRWTH,M,2010-09,0.2830119
CHE,CPI,TOT,AGRWTH,M,2010-10,0.1939616
CHE,CPI,TOT,AGRWTH,M,2010-11,0.2411068
CHE,CPI,TOT,AGRWTH,M,2010-12,0.519572
CHE,CPI,TOT,AGRWTH,M,2011-01,0.2784839
CHE,CPI,TOT,AGRWTH,M,2011-02,0.5102031
CHE,CPI,TOT,AGRWTH,M,2011-03,1.004265
CHE,CPI,TOT,AGRWTH,M,2011-04,0.2588865
CHE,CPI,TOT,AGRWTH,M,2011-05,0.3690573
CHE,CPI,TOT,AGRWTH,M,2011-06,0.5641826
CHE,CPI,TOT,AGRWTH,M,2011-07,0.4720441
CHE,CPI,TOT,AGRWTH,M,2011-08,0.1922175
CHE,CPI,TOT,AGRWTH,M,2011-09,0.4857559
CHE,CPI,TOT,AGRWTH,M,2011-10,-0.1125024
CHE,CPI,TOT,AGRWTH,M,2011-11,-0.5257328
CHE,CPI,TOT,AGRWTH,M,2011-12,-0.7147083
CHE,CPI,TOT,AGRWTH,M,2012-01,-0.789483
CHE,CPI,TOT,AGRWTH,M,2012-02,-0.8835077
CHE,CPI,TOT,AGRWTH,M,2012-03,-0.9542573
CHE,CPI,TOT,AGRWTH,M,2012-04,-0.9896104
CHE,CPI,TOT,AGRWTH,M,2012-05,-1.01359
CHE,CPI,TOT,AGRWTH,M,2012-06,-1.053698
CHE,CPI,TOT,AGRWTH,M,2012-07,-0.7141086
CHE,CPI,TOT,AGRWTH,M,2012-08,-0.452998
CHE,CPI,TOT,AGRWTH,M,2012-09,-0.4113652
CHE,CPI,TOT,AGRWTH,M,2012-10,-0.22223
CHE,CPI,TOT,AGRWTH,M,2012-11,-0.3754671
CHE,CPI,TOT,AGRWTH,M,2012-12,-0.43446
CHE,CPI,TOT,AGRWTH,M,2013-01,-0.2696843
CHE,CPI,TOT,AGRWTH,M,2013-02,-0.2561671
CHE,CPI,TOT,AGRWTH,M,2013-03,-0.5936288
CHE,CPI,TOT,AGRWTH,M,2013-04,-0.6343441
CHE,CPI,TOT,AGRWTH,M,2013-05,-0.5073508
CHE,CPI,TOT,AGRWTH,M,2013-06,-0.1279547
CHE,CPI,TOT,AGRWTH,M,2013-07,-0.002752338
CHE,CPI,TOT,AGRWTH,M,2013-08,-0.04454233
CHE,CPI,TOT,AGRWTH,M,2013-09,-0.05538238
CHE,CPI,TOT,AGRWTH,M,2013-10,-0.2552282
CHE,CPI,TOT,AGRWTH,M,2013-11,0.07985541
CHE,CPI,TOT,AGRWTH,M,2013-12,0.06713167
CHE,CPI,TOT,AGRWTH,M,2014-01,0.05437877
CHE,CPI,TOT,AGRWTH,M,2014-02,-0.1411062
CHE,CPI,TOT,AGRWTH,M,2014-03,0.002847425
CHE,CPI,TOT,AGRWTH,M,2014-04,0.0379856
CHE,CPI,TOT,AGRWTH,M,2014-05,0.2207019
CHE,CPI,TOT,AGRWTH,M,2014-06,0.04966065
CHE,CPI,TOT,AGRWTH,M,2014-07,0.03184936
CHE,CPI,TOT,AGRWTH,M,2014-08,0.07161428
CHE,CPI,TOT,AGRWTH,M,2014-09,-0.08768015
CHE,CPI,TOT,AGRWTH,M,2014-10,-0.01266156
CHE,CPI,TOT,AGRWTH,M,2014-11,-0.05859243
CHE,CPI,TOT,AGRWTH,M,2014-12,-0.3284491
CHE,CPI,TOT,AGRWTH,M,2015-01,-0.4851975
CHE,CPI,TOT,AGRWTH,M,2015-02,-0.8396546
CHE,CPI,TOT,AGRWTH,M,2015-03,-0.8747237
CHE,CPI,TOT,AGRWTH,M,2015-04,-1.122652
CHE,CPI,TOT,AGRWTH,M,2015-05,-1.181789
CHE,CPI,TOT,AGRWTH,M,2015-06,-1.037265
CHE,CPI,TOT,AGRWTH,M,2015-07,-1.275927
CHE,CPI,TOT,AGRWTH,M,2015-08,-1.402459
CHE,CPI,TOT,AGRWTH,M,2015-09,-1.443673
CHE,CPI,TOT,AGRWTH,M,2015-10,-1.359866
CHE,CPI,TOT,AGRWTH,M,2015-11,-1.392509
CHE,CPI,TOT,AGRWTH,M,2015-12,-1.308355
CHE,CPI,TOT,AGRWTH,M,2016-01,-1.266732
CHE,CPI,TOT,AGRWTH,M,2016-02,-0.8284798
CHE,CPI,TOT,AGRWTH,M,2016-03,-0.8607506
CHE,CPI,TOT,AGRWTH,M,2016-04,-0.3518723
CHE,CPI,TOT,AGRWTH,M,2016-05,-0.4399569
CHE,CPI,TOT,AGRWTH,M,2016-06,-0.374045
CHE,CPI,TOT,AGRWTH,M,2016-07,-0.202861
CHE,CPI,TOT,AGRWTH,M,2016-08,-0.1430682
CHE,CPI,TOT,AGRWTH,M,2016-09,-0.1814716
CHE,CPI,TOT,AGRWTH,M,2016-10,-0.2127681
CHE,CPI,TOT,AGRWTH,M,2016-11,-0.3383042
CHE,CPI,TOT,AGRWTH,M,2016-12,-0.0067
CHE,CPI,TOT,AGRWTH,M,2017-01,0.3489557
CHE,CPI,TOT,AGRWTH,M,2017-02,0.6460153
CHE,CPI,TOT,AGRWTH,M,2017-03,0.5678923
CHE,CPI,TOT,AGRWTH,M,2017-04,0.4377588
CHE,CPI,TOT,AGRWTH,M,2017-05,0.479389
CHE,CPI,TOT,AGRWTH,M,2017-06,0.1972077
CHE,CPI,TOT,AGRWTH,M,2017-07,0.3292469
CHE,CPI,TOT,AGRWTH,M,2017-08,0.4627675
CHE,CPI,TOT,AGRWTH,M,2017-09,0.6520706
CHE,CPI,TOT,AGRWTH,M,2017-10,0.6609076
CHE,CPI,TOT,AGRWTH,M,2017-11,0.7871262
CHE,CPI,TOT,AGRWTH,M,2017-12,0.8386562
CHE,CPI,TOT,AGRWTH,M,2018-01,0.7402027
CHE,CPI,TOT,AGRWTH,M,2018-02,0.6280298
CHE,CPI,TOT,AGRWTH,M,2018-03,0.7953681
CHE,CPI,TOT,AGRWTH,M,2018-04,0.8031909
CHE,CPI,TOT,AGRWTH,M,2018-05,0.9992321
CHE,CPI,TOT,AGRWTH,M,2018-06,1.146528
CHE,CPI,TOT,AGRWTH,M,2018-07,1.230351
CHE,CPI,TOT,AGRWTH,M,2018-08,1.180957
CHE,CPI,TOT,AGRWTH,M,2018-09,0.9894649
CHE,CPI,TOT,AGRWTH,M,2018-10,1.106566
CHE,CPI,TOT,AGRWTH,M,2018-11,0.9219655
CHE,CPI,TOT,AGRWTH,M,2018-12,0.691547
CHE,CPI,TOT,AGRWTH,M,2019-01,0.560085
CHE,CPI,TOT,AGRWTH,M,2019-02,0.578697
CHE,CPI,TOT,AGRWTH,M,2019-03,0.7290673
CHE,CPI,TOT,AGRWTH,M,2019-04,0.7080731
CHE,CPI,TOT,AGRWTH,M,2019-05,0.6342515
CHE,CPI,TOT,AGRWTH,M,2019-06,0.6003243
CHE,CPI,TOT,AGRWTH,M,2019-07,0.3117058
CHE,CPI,TOT,AGRWTH,M,2019-08,0.3180431
CHE,CPI,TOT,AGRWTH,M,2019-09,0.1483251
CHE,CPI,TOT,AGRWTH,M,2019-10,-0.2531092
CHE,CPI,TOT,AGRWTH,M,2019-11,-0.1311517
CHE,CPI,TOT,AGRWTH,M,2019-12,0.1558172
CHE,CPI,TOT,AGRWTH,M,2020-01,0.2023444
CHE,CPI,TOT,AGRWTH,M,2020-02,-0.06226834
CHE,CPI,TOT,AGRWTH,M,2020-03,-0.5
